brand	model
Acura	Integra
Aleko	Integra
Alfa Romeo	2119
Alfa Romeo	2141
Alfa Romeo	2335
AM General	2119
AM General	2141
AM General	2335
Aro	Hummer
Alfa Romeo	2119
Alfa Romeo	2141
Alfa Romeo	2335
AM General	145
AM General	146
AM General	147
AM General	155
AM General	156
AM General	159
AM General	164
AM General	2000
AM General	33
AM General	Giulietta
AM General	Mito
AM General	Zagato
Aro	145
Aro	146
Aro	147
Aro	155
Aro	156
Aro	159
Aro	164
Aro	2000
Aro	33
Aro	Giulietta
Aro	Mito
Aro	Zagato
Asia	246
Audi	Towner
Autounion	Towner
Beijing	DKW
BMW	BJ
Chery	BJ
Chevrolet	Face
Chevrolet	QQ
Chevrolet	Skin
Chevrolet	Tiggo
Chrysler	1936
Chrysler	400
Chrysler	Agile
Chrysler	Apache
Chrysler	Astra
Chrysler	Aveo
Chrysler	Blazer
Chrysler	C-10
Chrysler	C-20
Chrysler	Captiva
Chrysler	Celta
Chrysler	Chevelle
Chrysler	chevette
Chrysler	Chevron
Chrysler	Chevy
Chrysler	Classic
Chrysler	Cobalt
Chrysler	Combo
Chrysler	Corsa
Chrysler	Corsa II
Chrysler	Corsa Pick-up
Chrysler	Corsa Wagon
Chrysler	Corvette
Chrysler	Cruze
Chrysler	D-20
Chrysler	Grand Vitara
Chrysler	Grand Blazer
Chrysler	Impala
Chrysler	Ipanema
Chrysler	LUV
Chrysler	Meriva
Chrysler	MONTANA
Chrysler	Monza
Chrysler	Onix
Chrysler	P-10
Chrysler	Prisma
Chrysler	S-10
Chrysler	Silverado
Chrysler	Sonic
Chrysler	Spark
Chrysler	Spin
Chrysler	Suburban
Chrysler	Tahoe
Chrysler	Tigra
Chrysler	Vectra
Chrysler	Zafira
Citroen	1936
Citroen	400
Citroen	Agile
Citroen	Apache
Citroen	Astra
Citroen	Aveo
Citroen	Blazer
Citroen	C-10
Citroen	C-20
Citroen	Captiva
Citroen	Celta
Citroen	Chevelle
Citroen	chevette
Citroen	Chevron
Citroen	Chevy
Citroen	Classic
Citroen	Cobalt
Citroen	Combo
Citroen	Corsa
Citroen	Corsa II
Citroen	Corsa Pick-up
Citroen	Corsa Wagon
Citroen	Corvette
Citroen	Cruze
Citroen	D-20
Citroen	Grand Vitara
Citroen	Grand Blazer
Citroen	Impala
Citroen	Ipanema
Citroen	LUV
Citroen	Meriva
Citroen	MONTANA
Citroen	Monza
Citroen	Onix
Citroen	P-10
Citroen	Prisma
Citroen	S-10
Citroen	Silverado
Citroen	Sonic
Citroen	Spark
Citroen	Spin
Citroen	Suburban
Citroen	Tahoe
Citroen	Tigra
Citroen	Vectra
Citroen	Zafira
Daewoo	3CV
Daewoo	AMI
Daewoo	Berlingo
Daewoo	C15
Daewoo	C3
Daewoo	C3 AIRCROSS
Daewoo	C3 PICASSO
Daewoo	C4
Daewoo	C4 Picasso
Daewoo	C5
Daewoo	DS3
Daewoo	DS4
Daewoo	Grand C4
Daewoo	Jumper
Daewoo	Mehari
Daewoo	Picasso
Daewoo	Saxo
Daewoo	Xantia
Daewoo	Xsara
Daewoo	ZX
Daihatsu	Cielo
Daihatsu	Espero
Daihatsu	Lanos
Daihatsu	Matiz
Daihatsu	Tico
Datsun	Cielo
Datsun	Espero
Datsun	Lanos
Datsun	Matiz
Datsun	Tico
Deutz	280
Dodge	Motorhome
Dujuan	Motorhome
Ferrari	MD
Fiat	F 360
Fiat	F 430
Ford	F 360
Ford	F 430
GMC	4000
GMC	Bronco
GMC	Coupe
GMC	Courier
GMC	Econoline
GMC	EcoSport
GMC	Escape
GMC	Escort
GMC	Expedition
GMC	Explorer
GMC	F 150
GMC	F 350
GMC	F-100
GMC	F-250
GMC	Fairlane
GMC	Falcon
GMC	Festiva
GMC	Fiesta
GMC	Fiesta Kinetic
GMC	Fiesta Kinetic Titanium
GMC	Fiesta Max
GMC	Focus
GMC	Galaxy
GMC	Granada
GMC	Ka
GMC	Kuga
GMC	Mondeo
GMC	Mustang
GMC	New Ranger
GMC	Nueva Ecosport
GMC	Orion
GMC	Ranchero
GMC	Ranger
GMC	S Max
GMC	Sierra
GMC	S-Max
GMC	Taunus
GMC	Transit
Honda	Yukon
Hummer	Yukon
Hyundai	H2
IKA	Accent
IKA	Atos
IKA	Coupe
IKA	Elantra
IKA	Galloper
IKA	Genesis Coupe
IKA	H-1
IKA	H-100
IKA	HD
IKA	i10
IKA	i30
IKA	Migthy
IKA	S
IKA	Santa Fe
IKA	Santamo
IKA	Sonata
IKA	Terracan
IKA	Trajet
IKA	Tucson
IKA	Veloster
IKA	Veracruz
Infiniti	Accent
Infiniti	Atos
Infiniti	Coupe
Infiniti	Elantra
Infiniti	Galloper
Infiniti	Genesis Coupe
Infiniti	H-1
Infiniti	H-100
Infiniti	HD
Infiniti	i10
Infiniti	i30
Infiniti	Migthy
Infiniti	S
Infiniti	Santa Fe
Infiniti	Santamo
Infiniti	Sonata
Infiniti	Terracan
Infiniti	Trajet
Infiniti	Tucson
Infiniti	Veloster
Infiniti	Veracruz
Isuzu	FX
Iveco	Amigo
Iveco	Pick-up
Iveco	Trooper
Jaguar	Amigo
Jaguar	Pick-up
Jaguar	Trooper
Jeep	S-Type
Jeep	XF
Jeep	XJR
Jeep	XJS
Jeep	X-Type
Kia	Cherokee
Kia	Compass
Kia	Gladiator
Kia	Grand Cherokee
Kia	IKA
Kia	New Cherokee
Kia	Patriot
Kia	Willys
Kia	Wrangler
Lancia	Cherokee
Lancia	Compass
Lancia	Gladiator
Lancia	Grand Cherokee
Lancia	IKA
Lancia	New Cherokee
Lancia	Patriot
Lancia	Willys
Lancia	Wrangler
Land Rover	Beta
Land Rover	Dedra
Mazda	Defender
Mazda	Discovery
Mazda	Evoque
Mazda	Freelander
Mazda	FreeLander 2
Mazda	Range Rover
Mercedes Benz	Defender
Mercedes Benz	Discovery
Mercedes Benz	Evoque
Mercedes Benz	Freelander
Mercedes Benz	FreeLander 2
Mercedes Benz	Range Rover
MG	170
MG	180
MG	190
MG	200
MG	220
MG	230
MG	240
MG	250
MG	270
MG	280
MG	300
MG	320
MG	380
MG	500
MG	CE
MG	Clase A
MG	Clase B
MG	Clase C
MG	Clase C (93-00)
MG	Clase CLC
MG	Clase CLS
MG	Clase E
MG	Clase E(85-93)
MG	Clase E(93-95)
MG	Clase G
MG	Clase S
MG	Clase S(79-91)
MG	Clase SL
MG	Clase SL Roadster
MG	CLK 230
MG	CLK 320
MG	CLK 350
MG	CLK 55
MG	GLK 280
MG	GLK 300
MG	MB 180
MG	ML
MG	SL
MG	SLK
MG	Sprinter
MG	Viano
MG	Vito
Mini	F
Mitsubishi	F
Motorhome	Eclipse
Motorhome	Galant
Motorhome	L-200
Motorhome	L-300
Motorhome	Lancer
Motorhome	Montero
Motorhome	Nativa
Motorhome	Outlander
Motorhome	Sapporo
Motorhome	Space Wagon
Nissan	Ford
Nissan	Mercedes-Benz
Opel	Ford
Opel	Mercedes-Benz
Peugeot	Astra
Peugeot	K
Porsche	106
Porsche	205
Porsche	206
Porsche	207
Porsche	207 Compact
Porsche	3008
Porsche	306
Porsche	307
Porsche	308
Porsche	404
Porsche	405
Porsche	406
Porsche	407
Porsche	408
Porsche	5008
Porsche	504
Porsche	504 Pick Up
Porsche	505
Porsche	508
Porsche	605
Porsche	806
Porsche	807
Porsche	Boxer
Porsche	Expert
Porsche	Hoggar
Porsche	Partner
Porsche	RCZ
Rastrojero	106
Rastrojero	205
Rastrojero	206
Rastrojero	207
Rastrojero	207 Compact
Rastrojero	3008
Rastrojero	306
Rastrojero	307
Rastrojero	308
Rastrojero	404
Rastrojero	405
Rastrojero	406
Rastrojero	407
Rastrojero	408
Rastrojero	5008
Rastrojero	504
Rastrojero	504 Pick Up
Rastrojero	505
Rastrojero	508
Rastrojero	605
Rastrojero	806
Rastrojero	807
Rastrojero	Boxer
Rastrojero	Expert
Rastrojero	Hoggar
Rastrojero	Partner
Rastrojero	RCZ
Renault	F
Renault	X
Rolls Royce	11
Rolls Royce	12
Rolls Royce	18
Rolls Royce	19
Rolls Royce	21
Rolls Royce	21 Nevada
Rolls Royce	4
Rolls Royce	6
Rolls Royce	9
Rolls Royce	Clio
Rolls Royce	Duster
Rolls Royce	Express
Rolls Royce	Fluence
Rolls Royce	Fuego
Rolls Royce	Gordini
Rolls Royce	Kangoo
Rolls Royce	Kangoo 2
Rolls Royce	Kangoo Express
Rolls Royce	Koleos
Rolls Royce	Laguna
Rolls Royce	Latitude
Rolls Royce	Logan
Rolls Royce	Master
Rolls Royce	Master Furgon
Rolls Royce	Megane
Rolls Royce	Megane III
Rolls Royce	Rodeo
Rolls Royce	Sandero
Rolls Royce	Scenic
Rolls Royce	Symbol
Rolls Royce	Torino
Rolls Royce	Trafic
Rolls Royce	Trafic Furgon
Rolls Royce	Twingo
Rover	11
Rover	12
Rover	18
Rover	19
Rover	21
Rover	21 Nevada
Rover	4
Rover	6
Rover	9
Rover	Clio
Rover	Duster
Rover	Express
Rover	Fluence
Rover	Fuego
Rover	Gordini
Rover	Kangoo
Rover	Kangoo 2
Rover	Kangoo Express
Rover	Koleos
Rover	Laguna
Rover	Latitude
Rover	Logan
Rover	Master
Rover	Master Furgon
Rover	Megane
Rover	Megane III
Rover	Rodeo
Rover	Sandero
Rover	Scenic
Rover	Symbol
Rover	Torino
Rover	Trafic
Rover	Trafic Furgon
Rover	Twingo
Rugby	214
Rugby	216
Rugby	416
Rugby	420
Rugby	45
Rugby	75
Rugby	Serie 200
Rugby	Serie 400
Saab	Phainton
Seat	Phainton
Smart	Cordoba
Smart	Ibiza
Smart	Inca
Smart	Leon
Smart	Toledo
Ssangyong	fortwo convertible
Ssangyong	fortwo coupe
Subaru	fortwo convertible
Subaru	fortwo coupe
Suzuki	Forester
Suzuki	Impreza
Suzuki	Legacy
Suzuki	Outback
Suzuki	Tribeca
Suzuki	XV
Toyota	Alto
Toyota	Baleno
Toyota	Fun
Toyota	Grand Vitara
Toyota	Maruti
Toyota	Sidekick
Toyota	Swift
Toyota	Vitara
Volkswagen	Alto
Volkswagen	Baleno
Volkswagen	Fun
Volkswagen	Grand Vitara
Volkswagen	Maruti
Volkswagen	Sidekick
Volkswagen	Swift
Volkswagen	Vitara
Volvo	1500
Volvo	Amarok
Volvo	Bora
Volvo	Caddy
Volvo	Crossfox
Volvo	Escarabajo
Volvo	Fox
Volvo	Gacel
Volvo	Gol
Volvo	Gol Country
Volvo	Gol Trend
Volvo	Golf
Volvo	Kombi
Volvo	New Beetle
Volvo	Passat
Volvo	Passat CC
Volvo	Passat Variant
Volvo	Pointer
Volvo	Polo
Volvo	Polo Classic
Volvo	Quantum
Volvo	Saveiro
Volvo	Scirocco
Volvo	Senda
Volvo	Sharan
Volvo	Suran
Volvo	Tiguan
Volvo	Touareg
Volvo	Transporter
Volvo	Vento
Volvo	Vento Variant
Volvo	Voyage
Yuejin	850
Yuejin	940
Yuejin	960
Yuejin	C30
Yuejin	S40
Yuejin	S60
Yuejin	S80
Yuejin	V40
Yuejin	V50
Yuejin	V70
Yuejin	XC 60
Yuejin	XC70
Yuejin	XC90
